bse_symbol,nse_symbol
ABB,ABB
AEGISLOG,AEGISCHEM
AMARAJABAT,AMARAJABAT
HDFC,HDFC
ANSALAPI,ANSALAPI
BOMDYEING,BOMDYEING
ASIANHOTNR,ASIANHOTNR
ATUL,ATUL
BAJAJELEC,BAJAJELEC
BAJAJHIND,BAJAJHIND
FORCEMOT,FORCEMOT
BAJFINANCE,BAJFINANCE
BALRAMCHIN,BALRAMCHIN
BANCOINDIA,BANCOINDIA
CENTURYTEX,CENTURYTEX
BANARISUG,BANARISUG
BASF,BASF
BATAINDIA,BATAINDIA
BEML,BEML
BEL,BEL
BEPL,BEPL
TATASTLBSL,TATASTLBSL
BIRLACABLE,BIRLACABLE
BLUESTARCO,BLUESTARCO
BPL,BPL
OAL,OAL
CENTEXT,CENTEXT
CESC,CESC
CHAMBLFERT,CHAMBLFERT
EXIDEIND,EXIDEIND
CIPLA,CIPLA
DICIND,DICIND
CRISIL,CRISIL
CGPOWER,CGPOWER
DABUR,DABUR
DALMIASUG,DALMIASUG
ARVIND,ARVIND
BALLARPUR,BALLARPUR
BHEL,BHEL
HINDPETRO,HINDPETRO
IFCI,IFCI
MTNL,MTNL
MRPL,MRPL
CHENNPETRO,CHENNPETRO
RELCAPITAL,RELCAPITAL
SBIN,SBIN
SAIL,SAIL
TITAN,TITAN
IDBI,IDBI
DCW,DCW
DHAMPURSUG,DHAMPURSUG
DRREDDY,DRREDDY
EIDPARRY,EIDPARRY
PGHL,PGHL
ELECTCAST,ELECTCAST
ESABINDIA,ESABINDIA
EPL,EPL
ESTER,ESTER
FINCABLES,FINCABLES
UFLEX,UFLEX
FOSECOIND,FOSECOIND
GOLDENTOBC,GOLDENTOBC
GTL,GTL
GODFRYPHLP,GODFRYPHLP
GODREJIND,GODREJIND
KANSAINER,KANSAINER
GOODYEAR,GOODYEAR
GHCL,GHCL
GFLLIMITED,GFLLIMITED
GLFL,GLFL
HCL-INSYS,HCL-INSYS
HDFCBANK,HDFCBANK
HEROMOTOCO,HEROMOTOCO
HFCL,HFCL
HSCL,HSCL
HCC,HCC
HINDOILEXP,HINDOILEXP
HSIL,HSIL
HINDZINC,HINDZINC
NXTDIGITAL,NXTDIGITAL
HMT,HMT
HLVLTD,HLVLTD
IGPL,IGPL
INDIAGLYCO,INDIAGLYCO
INDORAMA,INDORAMA
INFY,INFY
INGERRAND,INGERRAND
ATFL,ATFL
JISLJALEQS,JISLJALEQS
JINDALPOLY,JINDALPOLY
JSWSTEEL,JSWSTEEL
UMANGDAIR,UMANGDAIRY
KAJARIACER,KAJARIACER
KAKATCEM,KAKATCEM
KSL,KSL
WHIRLPOOL,WHIRLPOOL
KIRLOSBROS,KIRLOSBROS
KIRLOSIND,KIRLOSIND
KIRLFER,KIRLFER
KOTAKBANK,KOTAKBANK
KSB,KSB
LGBBROSLTD,LGBBROSLTD
TRENT,TRENT
LAXMIMACH,LAXMIMACH
LICHSGFIN,LICHSGFIN
LUPIN,LUPIN
LYKALABS,LYKALABS
RAMCOCEM,RAMCOCEM
MAHSEAMLES,MAHSEAMLES
MAHSCOOTER,MAHSCOOTER
MANALIPETC,MANALIPETC
MFSL,MFSL
MIRCELECTR,MIRCELECTR
CENTENKA,CENTENKA
SPICEJET,SPICEJET
MOREPENLAB,MOREPENLAB
MRF,MRF
HEIDELBERG,HEIDELBERG
NCC,NCC
VEDL,VEDL
NAHARSPING,NAHARSPING
GRASIM,GRASIM
PEL,PEL
NIITLTD,NIITLTD
ONGC,ONGC
ORIENTHOT,ORIENTHOT
OSWALAGRO,OSWALAGRO
RELIANCE,RELIANCE
PILITA,PILITA
RAYMOND,RAYMOND
PIDILITIND,PIDILITIND
BIRLACORPN,BIRLACORPN
SURYAROSNI,SURYAROSNI
PRIMESECU,PRIMESECU
PRSMJOHNSN,PRSMJOHNSN
RAIN,RAIN
AMJLAND,AMJLAND
RSWM,RSWM
RAJSREESUG,RAJSREESUG
RALLIS,RALLIS
RAMANEWS,RAMANEWS
ROLTA,ROLTA
RUCHISOYA,RUCHI
JINDALSAW,JINDALSAW
JKLAKSHMI,JKLAKSHMI
SHREECEM,SHREECEM
RELINFRA,RELINFRA
TATAPOWER,TATAPOWER
SPMLINFRA,SPMLINFRA
SUNDRMFAST,SUNDRMFAST
SUNFLAG,SUNFLAG
SUPPETRO,SUPPETRO
SWARAJENG,SWARAJENG
TATAELXSI,TATAELXSI
ACC,ACC
THERMAX,THERMAX
TIRUMALCHM,TIRUMALCHM
THOMASCOOK,THOMASCOOK
TOKYOPLAST,TOKYOPLAST
TORNTPHARM,TORNTPHARM
AMBUJACEM,AMBUJACEM
UNIPHOS,UNIENTER
VHL,VHL
HINDALCO,HINDALCO
WSTCSTPAPR,WSTCSTPAPR
PGHH,PGHH
MUKANDLTD,MUKANDLTD
AGCNET,AGCNET
UCALFUEL,UCALFUEL
HARRMALAYA,HARRMALAYA
FEDERALBNK,FEDERALBNK
TATASTEEL,TATASTEEL
SKFINDIA,SKFINDIA
ASHOKLEY,ASHOKLEY
CUMMINSIND,CUMMINSIND
TATACOMM,TATACOMM
ABBOTINDIA,ABBOTINDIA
BAJAJHLDNG,BAJAJHLDNG
BHARATFORG,BHARATFORG
ESCORTS,ESCORTS
HINDMOTORS,HINDMOTORS
LT,LT
M&M,M&M
BOSCHLTD,BOSCHLTD
PREMIER,PREMIER
BPCL,BPCL
SIEMENS,SIEMENS
TATAMOTORS,TATAMOTORS
VOLTAS,VOLTAS
GESHIP,GESHIP
DEEPAKFERT,DEEPAKFERT
EXCELINDUS,EXCELINDUS
GLAXO,GLAXO
GNFC,GNFC
NOVARTIND,NOVARTIND
SANOFI,SANOFI
PFIZER,PFIZER
GSFC,GSFC
HINDUNILVR,HINDUNILVR
AKZOINDIA,AKZOINDIA
NOCIL,NOCIL
TATACHEM,TATACHEM
TNPETRO,TNPETRO
ZUARIGLOB,ZUARIGLOB
NESTLEIND,NESTLEIND
TATACONSUM,TATACONSUM
ASIANPAINT,ASIANPAINT
BRITANNIA,BRITANNIA
COLPAL,COLPAL
EIHOTEL,EIHOTEL
INDHOTEL,INDHOTEL
CASTROLIND,CASTROLIND
ITC,ITC
APOLLOTYRE,APOLLOTYRE
CEATLTD,CEATLTD
MODIRUBBER,MODIRUBBER
FINOLEXIND,FINPIPE
CENTRUM,CENTRUM
TCIFINANCE,TCIFINANCE
IITL,IITL
TATAINVEST,TATAINVEST
MOTOGENFIN,MOTOGENFIN
BBTC,BBTC
GREAVESCOT,GREAVESCOT
SAGCEM,SAGCEM
DECCANCE,DECCANCE
MANGLMCEM,MANGLMCEM
NCLIND,NCLIND
SHREDIGCEM,SHREDIGCEM
BORORENEW,BORORENEW
ANDHRAPAP,ANDHRAPAP
BALKRISIND,BALKRISIND
ORIENTPPR,ORIENTPPR
ROLLT,ROLLT
SESHAPAPER,SESHAPAPER
SINTEX,SINTEX
DCM,DCM
KESORAMIND,KESORAMIND
VTL,VTL
PENINLAND,PENINLAND
PHOENIXLTD,PHOENIXLTD
MARATHON,MARATHON
RUBYMILLS,RUBYMILLS
SWANENERGY,SWANENERGY
BANSWRAS,BANSWRAS
SRF,SRF
SIYSIL,SIYSIL
BBL,BBL
EMCO,EMCO
HIRECT,HIRECT
NIPPOBATRY,NIPPOBATRY
ZENSARTECH,ZENSARTECH
NELCO,NELCO
UNIVCABLES,UNIVCABLES
WSIND,WSI
DELTAMAGNT,DELTAMAGNT
SARDAEN,SARDAEN
INDIANHUME,INDIANHUME
ORIENTABRA,ORIENTABRA
TINPLATE,TINPLATE
CHOLAHLDNG,CHOLAHLDNG
AUTOAXLES,AUTOAXLES
SETCO,SETCO
TALBROAUTO,TALBROAUTO
SMLISUZU,SMLISUZU
TIL,TIL
EICHERMOT,EICHERMOT
DYNAMATECH,DYNAMATECH
GMM,GMMPFAUDLR
MANUGRAPH,MANUGRAPH
NESCO,NESCO
REVATHI,REVATHI
TEXINFRA,TEXINFRA
WENDT,WENDT
RESPONIND,RESPONIND
DOLAT,DOLAT
WESTLIFE,WESTLIFE
ZEEL,ZEEL
BHARATGEAR,BHARATGEAR
ELECON,ELECON
GABRIEL,GABRIEL
HERCULES,HERCULES
IFBIND,IFBIND
FMGOETZE,FMGOETZE
SCHAEFFLER,SCHAEFFLER
RANEHOLDIN,RANEHOLDIN
TRF,TRF
KENNAMET,KENNAMET
PRAKASH,PRAKASH
ARSHIYA,ARSHIYA
GRINDWELL,GRINDWELL
LAKPRE,LAKPRE
GENESYS,GENESYS
VIVIDHA,VIVIDHA
KANANIIND,KANANIIND
ASL,ARIHANTSUP
BLISSGVS,BLISSGVS
INEOSSTYRO,INEOSSTYRO
ALEMBICLTD,ALEMBICLTD
MODISNME,MODISNME
BAYERCROP,BAYERCROP
CLNINDIA,CLNINDIA
COROMANDEL,COROMANDEL
DEEPAKNI,DEEPAKNTR
GOCLCORP,GOCLCORP
KANORICHEM,KANORICHEM
ORIENTCQ,OCCL
PHILIPCARB,PHILIPCARB
PUNJABCHEM,PUNJABCHEM
SUDARSCHEM,SUDARSCHEM
UNICHEMLAB,UNICHEMLAB
ALKYLAMINE,ALKYLAMINE
ASTRAZEN,ASTRAZEN
JBCHEPHARM,JBCHEPHARM
TI,TI
SAKHTISUG,SAKHTISUG
WALCHANNAG,WALCHANNAG
IFBAGRO,IFBAGRO
DHARSUGAR,DHARSUGAR
GMBREW,GMBREW
RANASUG,RANASUG
SDBL,SDBL
ASALCBR,ASALCBR
IVP,IVP
WIPRO,WIPRO
DHANUKA,DHANUKA
TTKHEALTH,TTKHLTCARE
KANPRPLA,KANPRPLA
TAINWALCHM,TAINWALCHM
JAGSNPHARM,JAGSNPHARM
KHAICHEM,KHAICHEM
GILLETTE,GILLETTE
ANSALHSG,ANSALHSG
UNITECH,UNITECH
VIPIND,VIPIND
COSMOFILMS,COSMOFILMS
APOLLOHOSP,APOLLOHOSP
EVERESTIND,EVERESTIND
AYMSYNTEX,AYMSYNTEX
NAVNETEDUL,NAVNETEDUL
AUSOMENT,AUSOMENT
RUCHINFRA,RUCHINFRA
VISAKAIND,VISAKAIND
INFOMEDIA,INFOMEDIA
PRESSMN,PRESSMN
GUFICBIO,GUFICBIO
GRPLTD,GRPLTD
PTL,PTL
TVSSRICHAK,TVSSRICHAK
BERGEPAINT,BERGEPAINT
GRAPHITE,GRAPHITE
ITDCEM,ITDCEM
GARFIBRES,GARFIBRES
GOACARBON,GOACARBON
HEG,HEG
HINDCOMPOS,HINDCOMPOS
HIL,HIL
INDIANCARD,INDIANCARD
JAYSHREETEA,JAYSREETEA
HUHTAMAKI,HUHTAMAKI
SHALPAINTS,SHALPAINTS
SUPREMEIND,SUPREMEIND
VSTIND,VSTIND
JINDRILL,JINDRILL
DHFL,DHFL
SHIVTEX,SHIVATEX
CANFINHOME,CANFINHOME
IVC,IVC
SRTRANSFIN,SRTRANSFIN
CHOLAFIN,CHOLAFIN
VLSFINANCE,VLSFINANCE
VIDEOIND,VIDEOIND
CREST,CREST
VAKRANGEE,VAKRANGEE
INDBANK,INDBANK
CAPITALT,CAPTRUST
TIMESGTY,TIMESGTY
DCMFINSERV,DCMFINSERV
JIKIND,JIKIND
SAMBHAAV,SAMBHAAV
GICHSGFIN,GICHSGFIN
VIPUL,VIPULLTD
MUTHTFN,MUTHOOTCAP
UPL,UPL
SIGNETIND,SIGIND
SECURKLOUD,SECURKLOUD
SUNTECK,SUNTECK
JAICORPLTD,JAICORPLTD
BHAGYNAGAR,BHAGYANGR
DONEAR,DONEAR
SEQUENT,SEQUENT
STCINDIA,STCINDIA
ZENITHEXPO,ZENITHEXPO
AVANTI,AVANTIFEED
ZODJRDMKJ,ZODJRDMKJ
KEYFINSER,KEYFINSERV
ADANIENT,ADANIENT
BHANDHOS,BHANDARI
ORBTEXP,ORBTEXP
TATASTLLP,TATASTLLP
NBVENTURES*,NBVENTURES
GANDHITUBE,GANDHITUBE
ORICON,ORICONENT
UTTAMSTL,UTTAMSTL
PENIND,PENIND
JYOTISTRUC,JYOTISTRUC
SSWL,SSWL
MANINDS,MANINDS
METALFORGE,METALFORGE
GRANDFONRY,GFSTEELS
AJMERA,AJMERA
CARBORUNIV,CARBORUNIV
MMTC,MMTC
SMPL,SMPL
TATAMETALI,TATAMETALI
JSWISPL,JSWISPL
KALYANIFRG,KALYANIFRG
PITTIENG,PITTIENG
MAHASTEEL,MAHASTEEL
HINDCOPPER,HINDCOPPER
SRIPIPES,SRIPIPES
NLCINDIA,NLCINDIA
JMTAUTOLTD,JMTAUTOLTD
AROGRANITE,AROGRANITE
JBFIND,JBFIND
HIMATSEIDE,HIMATSEIDE
BSL,BSL
TTL,TTL
WELSPUNIND,WELSPUNIND
GANECOS,GANECOS
VARDMNPOLY,VARDMNPOLY
SUMEETINDS,SUMEETINDS
SANGAMIND,SANGAMIND
AARVEEDEN,AARVEEDEN
ASHIMASYN,ASHIMASYN
PIONEEREMB,PIONEEREMB
PATSPINLTD,PATSPINLTD
PREMIERPOL,PREMIERPOL
ASAHIINDIA,ASAHIINDIA
MURUDCERA,MURUDCERA
ANANTRAJ,ANANTRAJ
MADHAV,MADHAV
HINDNATGLS,HINDNATGLS
MANGTIMBER,MANGTIMBER
SHREYANIND,SHREYANIND
STARPAPER,STARPAPER
ARROWGREEN,ARROWGREEN
VISHNU,VISHNU
NRAGRINDQ,NRAIL
3PLAND,3PLAND
VINDHYATEL,VINDHYATEL
ADORWELD,ADORWELD
SALZER,SALZERELEC
USHAMART,USHAMART
SUBROS,SUBROS
HONAUT,HONAUT
LUMAXIND,LUMAXIND
DIGISPICE,DIGISPICE
PAEL,PAEL
HBLPOWER,HBLPOWER
S&SPOWER,S&SPOWER
GIPCL,GIPCL
CMI,CMICABLES
MOTHERSUMI,MOTHERSUMI
MINDTECK,MINDTECK
HAVELLS,HAVELLS
IGARASHI,IGARASHI
SYMPHONY,SYMPHONY
SHYAMTEL,SHYAMTEL
BUTTERFLY,BUTTERFLY
RSSOFTWARE,RSSOFTWARE
WEBELSOLAR,WEBELSOLAR
TTKPRESTIG,TTKPRESTIG
RAJGLOWIR,RAJRATAN
SURANAT&P,SURANAT&P
ONWARDTEC,ONWARDTEC
CENTUM,CENTUM
TRIGYN,TRIGYN
KEI,KEI
INDLMETER,INDLMETER
GSCLCEMENT,GSCLCEMENT
APCL,APCL
TASTYBIT,TASTYBITE
AVTNPL,AVTNPL
HNDFDS,HNDFDS
NAHARINDUS,NAHARINDUS
VADILALIND,VADILALIND
ADFFOODS,ADFFOODS
WILLAMAGOR,WILLAMAGOR
SANWARIA,SANWARIA
VIKASWSP,VIKASWSP
ANIKINDS,ANIKINDS
NKIND,NKIND
HERITGFOOD,HERITGFOOD
DFM,DFMFOODS
CCL,CCL
KELLTONTEC,KELLTONTEC
RICOAUTO,RICOAUTO
OMAXAUTO,OMAXAUTO
MUNJALSHOW,MUNJALSHOW
JAMNAAUTO,JAMNAAUTO
SUNCLAYLTD,SUNCLAYLTD
JTEKTINDIA,JTEKTINDIA
MUNJALAU,MUNJALAU
JAYBARMARU,JAYBARMARU
SICAL,SICAL
RATNAMANI,RATNAMANI
VESUVIUS,VESUVIUS
ASAL,ASAL
SHREYAS,SHREYAS
EUROTEXIND,EUROTEXIND
ICIL,ICIL
MARALOVER,MARALOVER
SOMATEX,SOMATEX
TRIDENT,TRIDENT
ALOKTEXT,ALOKINDS
SPENTEX,SPENTEX
NAGREEKEXP,NAGREEKEXP
ZODIACLOTH,ZODIACLOTH
SUPERSPIN,SUPERSPIN
SILINV,SILINV
SURYALAXMI,SURYALAXMI
DAMOINDUS,DAMODARIND
KITEX,KITEX
UNIDT,UNIDT
WINDMACHIN,WINDMACHIN
SHANTIGEAR,SHANTIGEAR
HONDAPOWER,HONDAPOWER
HITECHGEAR,HITECHGEAR
ELGIEQUIP,ELGIEQUIP
TIMKEN,TIMKEN
PRAJIND,PRAJIND
HLEGLAS,HLEGLAS
GUJAPOLLO,GUJAPOLLO
MMFL,MMFL
MAYURUNIQ,MAYURUNIQ
JMCPROJECT,JMCPROJECT
GET&D,GET&D
JAYNECOIND,JAYNECOIND
KALPATPOWR,KALPATPOWR
CONTROLPR,CONTROLPR
WEIZMANIND,WEIZMANIND
SAFARIND,SAFARI
EIHAHOTELS,EIHAHOTELS
ABAN,ABAN
KOKUYOCMLN,KOKUYOCMLN
PEARLPOLY,PEARLPOLY
VENKYS,VENKEYS
ADVANIHOTR,ADVANIHOTR
SUPERHOUSE,SUPERHOUSE
TCPLPACK,TCPLPACK
BALMLAWRIE,BALMLAWRIE
DCMSHRIRAM,DCMSHRIRAM
MAWANASUG,MAWANASUG
MAHAPEXLTD,MAHAPEXLTD
NILKAMAL,NILKAMAL
NAHARPOLY,NAHARPOLY
3MINDIA,3MINDIA
JCHAC,JCHAC
JMFINANCIL,JMFINANCIL
TNTELE,TNTELE
RIIL,RIIL
LINDEINDIA,LINDEINDIA
PRECWIRE,PRECWIRE
FEL,FEL
SCI,SCI
ITI,ITI
DREDGECORP,DREDGECORP
PODDAR,PODDARHOUS
NFL,NFL
PIIND,PIIND
PLASTIBLEN,PLASTIBLEN
WATERBASE,WATERBASE
APCOTEXIND,APCOTEXIND
MASTEK,MASTEK
EIMCOELECO,EIMCOELECO
ASHIANA,ASHIANA
DVL,DVL
MAHEPC,MAHEPC
SREINFRA,SREINFRA
MAZDALTD,MAZDA
VICEROY,VICEROY
MENONBE,MENONBE
GUJRAFIA,GUJRAFFIA
SIMPLEXINF,SIMPLEXINF
MAGMA,MAGMA
KINGFA,KINGFA
POLYPLEX,POLYPLEX
ALBERTDA,ALBERTDAVD
ACRYSIL,ACRYSIL
KABRAEXTRU,KABRAEXTRU
VINYLINDIA,VINYLINDIA
IOLCP,IOLCP
VINATIORGA,VINATIORGA
AARTIIND,AARTIIND
WANBURY,WANBURY
GAEL,GAEL
RCF,RCF
KOPRAN,KOPRAN
SEYAIND,SEYAIND
JAYAGROGN,JAYAGROGN
BCLIL,BCLIND
AARTIDRUGS,AARTIDRUGS
BODALCHEM,BODALCHEM
ORCHIDPHAR,ORCHPHARMA
VIMTALABS,VIMTALABS
BIOFILCHEM,BIOFILCHEM
MARKSANS,MARKSANS
IPCALAB,IPCALAB
KILITCH,KILITCH
KREBSBIO,KREBSBIO
NEULANDLAB,NEULANDLAB
PODARPIGQ,PODDARMENT
AKSCHEM,AKSHARCHEM
SOTL,SOTL
HESTERBIO,HESTERBIO
NACLIND,NACLIND
SUNPHARMA,SUNPHARMA
HIKAL,HIKAL
CAPPL,CAPLIPOINT
AUROPHARMA,AUROPHARMA
NATCOPHARM,NATCOPHARM
PANAMAPET,PANAMAPET
BALPHARMA,BALPHARMA
CUBEXTUB,CUBEXTUB
HITECHCORP,HITECHCORP
FILATEX,FILATEX
MERCATOR,MERCATOR
PREMEXPLQ,PREMEXPLN
MOLDTEK,MOLDTECH
MPHASIS,MPHASIS
ORIENTLTD,ORIENTLTD
GANESHHOUC,GANESHHOUC
NMDC,NMDC
PATINTLOG,PATINTLOG
ALPHAGEO,ALPHAGEO
SANGHIIND,SANGHIIND
CCHHL,CCHHL
TECHIN,TECHIN
TPLPLAST,TPLPLASTEH
LIBERTSHOE,LIBERTSHOE
ELECTHERM,ELECTHERM
BLUEDART,BLUEDART
MIRZAINT,MIRZAINT
TFCILTD,TFCILTD
ARENTERP,ARENTERP
BIL,BIL
KAMATHOTEL,KAMATHOTEL
DALALSTCOM,DALALSTCOM
HOTELRUGBY,HOTELRUGBY
SANDESH,SANDESH
GOLDIAM,GOLDIAM
GREENPLY,GREENPLY
SEAMECLTD,SEAMECLTD
CONFIPET,CONFIPET
BANARBEADS,BANARBEADS
63MOONS,63MOONS
SARLAPOLY,SARLAPOLY
21STCENMGM,21STCENMGM
LAOPALA,LAOPALA
VENUSREM,VENUSREM
URJAGLOBA,URJA
ASHAPURMIN,ASHAPURMIN
GUJALKALI,GUJALKALI
INDIACEM,INDIACEM
JKTYRE,JKTYRE
MANGCHEFER,MANGCHEFER
SIL,SIL
JUBLPHARMA,JUBLPHARMA
THEINVEST,THEINVEST
MOHOTAIND,MOHOTAIND
SANGHVIMOV,SANGHVIMOV
SELAN,SELAN
PRIVISCL,PRIVISCL
OPTIEMUS,OPTIEMUS
THEMISMED,THEMISMED
SUVEN,SUVEN
KOTHARIPRO,KOTHARIPRO
CHAMANSEQ,CLSEL
GENUSPOWER,GENUSPOWER
UGARSUGAR,UGARSUGAR
ORIENTBELL,ORIENTBELL
NRBBEARING,NRBBEARING
NILA,NILAINFRA
DBSTOCKBRO,DBSTOCKBRO
RELAXO,RELAXO
SHILPAMED,SHILPAMED
PARACABLES,PARACABLES
GOODLUCK,GOODLUCK
RAJRAYON,RAJRAYON
ALPSINDUS,ALPSINDUS
STERTOOLS,STERTOOLS
BHAGIL,BHAGERIA
KRBL,KRBL
CUPID,CUPID
CHEMBOND,CHEMBOND
REMSONSIND,REMSONSIND
SABTN,SABTN
VIKASECO,VIKASECO
IOC,IOC
BALAMINES,BALAMINES
ALANKIT,ALANKIT
OMINFRAL,OMINFRAL
PATELENG,PATELENG
ALICON,ALICON
EMAMILTD,EMAMILTD
ARMANFIN,ARMANFIN
NUCLEUS,NUCLEUS
MANAPPURAM,MANAPPURAM
LINCPENQ,LINCPEN
VSTTILLERS,VSTTILLERS
HAVISHA,HAVISHA
ZYDUSWELL,ZYDUSWELL
JUMPNET,JUMPNET
CONCOR,CONCOR
PANACEABIO,PANACEABIO
THEBYKE,BYKE
ARIHANT,ARIHANT
ALMONDZ,ALMONDZ
TNPL,TNPL
SHAKTIPUMP,SHAKTIPUMP
GOLDTECH,GOLDTECH
MOHITIND,MOHITIND
MADHUCON,MADHUCON
RAJESHEXPO,RAJESHEXPO
EVEREADY,EVEREADY
VIKASPROP,VIKASPROP
HATSUN,HATSUN
JINDWORLD,JINDWORLD
SOMANYCERA,SOMANYCERA
CORALFINAC,CORALFINAC
CGCL,CGCL
FDC,FDC
COUNCODOS,COUNCODOS
LINCOPH,LINCOLN
MARICO,MARICO
VIDHIING,VIDHIING
PRAENG,PRAENG
APOLLOPIPES,APOLLOPIPE
POLYMED,POLYMED
ATULAUTO,ATULAUTO
PIONDIST,PIONDIST
KHANDSE,KHANDSE
AGARIND,AGARIND
AMBIKCO,AMBIKCO
LCCINFOTEC,LCCINFOTEC
JAINSTUDIO,JAINSTUDIO
SWELECTES,SWELECTES
KDDL,KDDL
BSELINFRA,BSELINFRA
BANKBARODA,BANKBARODA
ANDHRACEMT,ANDHRACEMT
SKMEGGPROD,SKMEGGPROD
WELCORP,WELCORP
BANKINDIA,BANKINDIA
INDRAMEDCO,INDRAMEDCO
GAIL,GAIL
VAIBHAVGBL,VAIBHAVGBL
JKPAPER,JKPAPER
SAREGAMA,SAREGAMA
ADROITINFO,ADROITINFO
CYBERTECH,CYBERTECH
ICICIBANK,ICICIBANK
CYIENT,CYIENT
ENGINERSIN,ENGINERSIN
DHANBANK,DHANBANK
GMDCLTD,GMDCLTD
INDUSINDBK,INDUSINDBK
ITDC,ITDC
J&KBANK,J&KBANK
CUB,CUB
ARCHIES,ARCHIES
AXISBANK,AXISBANK
HBSTOCK,HBSL
SOUTHBANK,SOUTHBANK
ENERGYDEV,ENERGYDEV
SONATSOFTW,SONATSOFTW
NATIONALUM,NATIONALUM
INDNIPPON,INDNIPPON
NSIL,NSIL
APARINDS,APARINDS
ACCELYA,ACCELYA
HCLTECH,HCLTECH
GEOJITFSL,GEOJITFSL
JINDALSTEL,JINDALSTEL
BLBLIMITED,BLBLIMITED
GLENMARK,GLENMARK
WOCKPHARMA,WOCKPHARMA
TATACOFFEE,TATACOFFEE
INDSWFTLAB,INDSWFTLAB
MELSTAR,MELSTAR
GEPIL,GEPIL
SHREERAMA,SHREERAMA
MAHLIFE,MAHLIFE
CADILAHC,CADILAHC
CINEVISTA,CINEVISTA
INTENTECH,INTENTECH
AJANTPHARM,AJANTPHARM
AMBICAAGAR,AMBICAAGAR
COMPUSOFT,COMPUSOFT
IZMO,IZMO
TVSMOTOR,TVSMOTOR
GATI,GATI
SUBEX,SUBEXLTD
TCI,TCI
AKSHOPTFBR,AKSHOPTFBR
TRIVENI,TRIVENI
MUKTAARTS,MUKTAARTS
DSSL,DSSL
PNBGILTS,PNBGILTS
BCG,BCG
RAMCOIND,RAMCOIND
RAMCOSYS,RAMCOSYS
TTML,TTML
STLTECH,STLTECH
TIPSINDLTD,TIPSINDLTD
MRO-TEK,MRO-TEK
BALAJITELE,BALAJITELE
CALSOFT,CALSOFT
PNC,PNC
IOB,IOB
TAJGVK,TAJGVK
OPTOCIRCUI,OPTOCIRCUI
CREATIVEYE,CREATIVEYE
AXISCADES,AXISCADES
UMESLTD,UMESLTD
BSOFT,BSOFT
MEGASOFT,MEGASOFT
CEREBRAINT,CEREBRAINT
NEXTMEDIA,NEXTMEDIA
SMARTLINK,SMARTLINK
GODREJCP,GODREJCP
BFUTILITIE,BFUTILITIE
UNITDSPR,MCDOWELL-N
OLECTRA,OLECTRA
MPSLTD,MPSLTD
CERA,CERA
BHARTIARTL,BHARTIARTL
COMPUAGE,COMPINFO
GULPOLY,GULPOLY
PONNIERODE,PONNIERODE
PNB,PNB
OFSS,OFSS
APTECHT,APTECHT
UNIONBANK,UNIONBANK
UBL,UBL
ISMTLTD,ISMTLTD
NOIDATOLL,NOIDATOLL
GRANULES,GRANULES
CANBK,CANBK
POKARNA,POKARNA
DIVISLAB,DIVISLAB
ASTRAMICRO,ASTRAMICRO
RADICO,RADICO
SHRIRAMCIT,SHRIRAMCIT
MARUTI,MARUTI
NAVINFLUOR,NAVINFLUOR
UCOBANK,UCOBANK
BAGFILMS,BAGFILMS
JSL,JSL
SUPRAJIT,SUPRAJIT
TVSELECT,TVSELECT
IGL,IGL
TVTODAY,TVTODAY
PALRED,PALREDTEC
PETRONET,PETRONET
BIOCON,BIOCON
PTC,PTC
MAHABANK,MAHABANK
RKFORGE,RKFORGE
DATAMATICS,DATAMATICS
NDTV,NDTV
STAR,STAR
JPASSOCIAT,JPASSOCIAT
ULTRACEMCO,ULTRACEMCO
MINDAIND,MINDAIND
TCS,TCS
COFORGE,COFORGE
GULFPETRO,GULFPETRO
CENTURYPLY,CENTURYPLY
WELENT,WELENT
NTPC,NTPC
SALSTEEL,SALSTEEL
JBMA,JBMA
DWARKESH,DWARKESH
INDOCO,INDOCO
VIPCLOTHNG,VIPCLOTHNG
IMPEXFERRO,IMPEXFERRO
XCHANGING,XCHANGING
JETAIRWAYS,JETAIRWAYS
MORARJEE,MORARJEE
GDL,GDL
JINDALPHOT,JINDALPHOT
JPPOWER,JPPOWER
3IINFOTECH,3IINFOTECH
MBECL,MBECL
GOKEX,GOKEX
ALLSEC,ALLSEC
IIFL,IIFL
MANGALAM,MANGALAM
SHOPERSTOP,SHOPERSTOP
CYBERMEDIA,CYBERMEDIA
NDL,NDL
JSWHL,JSWHL
JKCEMENT,JKCEMENT
YESBANK,YESBANK
NECLIFE,NECLIFE
MSPL,MSPL
SPLIL,SPLIL
KTKBANK,KTKBANK
MCLEODRUSS,MCLEODRUSS
IDFC,IDFC
VIVIMEDLAB,VIVIMEDLAB
RML,RML
HTMEDIA,HTMEDIA
SASKEN,SASKEN
FCSSOFT,FCSSOFT
SUZLON,SUZLON
AURIONPRO,AURIONPRO
RENUKA,RENUKA
KMSUGAR,KMSUGAR
BASML,BASML
PBAINFRA,PBAINFRA
BRFL,BRFL
SORILINFRA,SORILINFRA
AIAENG,AIAENG
EKC,EKC
KERNEX,KERNEX
REPRO,REPRO
PVR,PVR
RMCL,RMCL
PUNJLLOYD,PUNJLLOYD
BARTRONICS,BARTRONICS
CELEBRITY,CELEBRITY
EDUCOMP,EDUCOMP
NITINSPIN,NITINSPIN
ROHLTD,ROHLTD
ENIL,ENIL
GSPL,GSPL
JAGRAN*,JAGRAN
INOXLEISUR,INOXLEISUR
DYNPRO,DYNPRO
SADBHAV,SADBHAV
RCOM,RCOM
SAKUMA,SAKUMA
KEC,KEC
GILLANDERS,GILLANDERS
INDOTECH,INDOTECH
BLKASHYAP,BLKASHYAP
M&MFIN,M&MFIN
VISASTEEL,VISASTEEL
NITCO,NITCO
SOLARINDS,SOLARINDS
GALLANTT,GALLANTT
MALUPAPER,MALUPAPER
UTTAMSUGAR,UTTAMSUGAR
SGL,SGL
KKCL,KKCL
SUNTV,SUNTV
GPIL,GPIL
RSYSTEMINT,RSYSTEMS
EMKAY,EMKAY
TANTIACONS,TANTIACONS
LOKESHMACH,LOKESHMACH
KAMDHENU,KAMDHENU
GTNTEX,GTNTEX
PFOCUS,PFOCUS
ALLCARGO,ALLCARGO
EASUNREYRL,EASUNREYRL
GMRINFRA,GMRINFRA
TECHM,TECHM
MAHINDCIE,MAHINDCIE
VOLTAMP,VOLTAMP
ATLANTA,ATLANTA
DEEPENR,DEEPENR
HOVS,HOVS
ACE,ACE
GEECEE,GEECEE
GAYAPROJ,GAYAPROJ
FIEMIND,FIEMIND
JHS,JHS
DCBBANK,DCBBANK
GLOBALVECT,GLOBALVECT
INSPIRISYS,INSPIRISYS
GTLINFRA,GTLINFRA
SHIVAMAUTO,SHIVAMAUTO
NAUKRI,NAUKRI
TORNTPOWER,TORNTPOWER
PARSVNATH,PARSVNATH
SUTLEJTEX,SUTLEJTEX
DAAWAT,DAAWAT
SOBHA,SOBHA
RUCHIRA,RUCHIRA
TANLA,TANLA
ZEEMEDIA,ZEEMEDIA
SITINET,SITINET
LUMAXTECH,LUMAXTECH
AUTOIND,AUTOIND
NETWORK18,NETWORK18
HUBTOWN,HUBTOWN
TV18BRDCST,TV18BRDCST
CTE,CTE
TIIL,TIIL
REDINGTON,REDINGTON
CINELINE,CINELINE
PGIL,PGIL
FSL,FSL
PFC,PFC
AHLUCONT,AHLUCONT
TFL,TFL
CANDC,CANDC
INDIANB,INDIANB
SMSPHARMA,SMSPHARMA
ORIENTALTL,ORIENTALTL
MINDTREE,MINDTREE
IDEA,IDEA
RAJTV,RAJTV
PAGEIND,PAGEIND
AMDIND,AMDIND
ASTRAL,ASTRAL
IBREALEST,IBREALEST
CAMLINFINE,CAMLINFINE
ICRA,ICRA
DISHTV,DISHTV
SRHHYPOLTD,SRHHYPOLTD
FORTIS,FORTIS
TGBHOTELS,TGBHOTELS
HILTON,HILTON
DELTACORP,DELTACORP
MIC,MIC
INSECTICID*,INSECTICID
MCDHOLDING,MCDHOLDING
ASAHISONG,ASAHISONG
NITINFIRE,NITINFIRE
TIMETECHNO,TIMETECHNO
HGS,HGS
NELCAST,NELCAST
V2RETAIL,V2RETAIL
DLF,DLF
TARMAT,TARMAT
ANKITMETAL,ANKITMETAL
SPARC,SPARC
HDIL,HDIL
ADSL,ADSL
ALPA,ALPA
OMAXE,OMAXE
REFEX,REFEX
CENTRALBK,CENTRALBK
NTL,NTL
ASIANTILES,ASIANTILES
KPRMILL,KPRMILL
TAKE,TAKE
PURVA,PURVA
MOTILALOFS,MOTILALOFS
INDOWIND,INDOWIND
NAGREEKCAP,NAGREEKCAP
MAGNUM,MAGNUM
POWERGRID,POWERGRID
KSCL,KSCL
PAISALO,PAISALO
CCCL,CCCL
MAANALU,MAANALU
IL&FSENGG,IL&FSENGG
RELIGARE,RELIGARE
BVCL,BVCL
ADANIPORTS,ADANIPORTS
EDELWEISS,EDELWEISS
RGL,RGL
KOLTEPATIL,KOLTEPATIL
KAUSHALYA,KAUSHALYA
JYOTHYLAB,JYOTHYLAB
ECLERX,ECLERX
TRIL,TRIL
BRIGADE,BRIGADE
BGRENERGY,BGRENERGY
MANAKSIA,MANAKSIA
PPAP,PPAP
ARIES,ARIES
KUANTUM,KUANTUM
RPOWER,RPOWER
JKIL,JKIL
CORDSCABLE,CORDSCABLE
KNRCON,KNRCON
ONMOBILE,ONMOBILE
SHRIRAMEPC,SHRIRAMEPC
BANG,BANG
IRB,IRB
GSS,GSS
NAHARCAP,NAHARCAP
VGUARD,VGUARD
RECLTD,RECLTD
GAMMNINFRA,GAMMNINFRA
DHANI,DHANI
TWL,TWL
KIRIINDUS,KIRIINDUS
BIRLAMONEY,BIRLAMONEY
JAIBALAJI,JAIBALAJI
BAJAJ-AUTO,BAJAJ-AUTO
BAJAJFINSV,BAJAJFINSV
GOKUL,GOKUL
RPGLIFE,RPGLIFE
NIRAJ,NIRAJ
RBL,RBL
RANEENGINE,RANEENGINE
BAFNAPHARM,BAFNAPH
ARCHIDPLY,ARCHIDPLY
LEHIL,LOTUSEYE
SOMICONV,SOMICONVEY
LGBFORGE,LGBFORGE
LPDC,LPDC
SICAGEN,SICAGEN
20MICRONS,20MICRONS
WABCOINDIA,WABCOINDIA
ALKALI,ALKALI
ISGEC,ISGEC
IMFA,IMFA
GISOLUTION,GISOLUTION
MOLDTKPAC,MOLDTKPAC
MHRIL,MHRIL
EXCEL,EXCEL
RAJOIL,ROML
ADANIPOWER,ADANIPOWER
NHPC,NHPC
GLOBUSSPR,GLOBUSSPR
OIL,OIL
RNAVAL,RNAVAL
EXPLEOSOL,EXPLEOSOL
RTNPOWER,RTNPOWER
DEN,DEN
ASTEC,ASTEC
COX&KINGS,COX&KINGS
DLINKINDIA,DLINKINDIA
JSWENERGY,JSWENERGY
GODREJPROP,GODREJPROP
DBCORP,DBCORP
MBLINFRA,MBLINFRA
JUBLFOOD,JUBLFOOD
VASCONEQ,VASCONEQ
SYNCOM,SYNCOM
THANGAMAYL,THANGAMAYL
DBREALTY,DBREALTY
EMMBI,EMMBI
HATHWAY,HATHWAY
ARSSINFRA,ARSSINFRA
TEXMOPIPES,TEXMOPIPES
SUNDARAM,SUNDARAM
ROSSELLIND,ROSSELLIND
MANINFRA,MANINFRA
IL&FSTRANS,IL&FSTRANS
PERSISTENT,PERSISTENT
ISFT,ISFT
GOENKA,GOENKA
KCPSUGIND,KCPSUGIND
KECL,KECL
TARAPUR,TARAPUR
SJVN,SJVN
JPINFRATEC,JPINFRATEC
EMAMIPAP,EMAMIPAP
HMVL,HMVL
EMAMIREAL,EMAMIREAL
AHLWEST,AHLWEST
AHLEAST,AHLEAST
BAJAJCON,BAJAJCON
PRAKASHSTL,PRAKASHSTL
GPPL,GPPL
WELINV,WELINV
INDOSOLAR,INDOSOLAR
SASTASUNDR,SASTASUNDR
CAREERP,CAREERP
EROSMEDIA,EROSMEDIA
RAMKY,RAMKY
GREENPOWER,GREENPOWER
GALLISPAT,GALLISPAT
CANTABIL,CANTABIL
WABAG,WABAG
BEDMUTHA,BEDMUTHA
ASHOKA,ASHOKA
CEBBCO,CEBBCO
OBEROIRLTY,OBEROIRLTY
PRESTIGE,PRESTIGE
GAL,GAL
COALINDIA,COALINDIA
GRAVITA,GRAVITA
RPPINFRA,RPPINFRA
MOIL,MOIL
ZEELEARN,ZEELEARN
A2ZINFRA,A2ZINFRA
KIRLOSENG,KIRLOSENG
RKDL,RKDL
PSB,PSB
FMNL,FMNL
SURANASOL,SURANASOL
KICL,KICL
BFINVEST,BFINVEST
SUMMITSEC,SUMMITSEC
STEL,STEL
JUBLINDS,JUBLINDS
TEXRAIL,TEXRAIL
INDTERRAIN,INDTERRAIN
FCL,FCL
DHUNINV,DHUNINV
ZENTEC,ZENTEC
LOVABLE,LOVABLE
PFS,PFS
TCIDEVELOP,TCIDEVELOP
MUTHOOTFIN,MUTHOOTFIN
FCONSUMER,FCONSUMER
KARMAENG,KARMAENG
EBIXFOREX,EBIXFOREX
RUSHIL,RUSHIL
KRIINFRA,KRIDHANINF
INVENTURE,INVENTURE
L&TFH,L&TFH
YAARII,YAARII
TREEHOUSE,TREEHOUSE
BROOKS,BROOKS
RUPA,RUPA
TDPOWERSYS,TDPOWERSYS
APLLTD,APLLTD
VASWANI,VASWANI
PGEL,PGEL
SETUINFRA,SETUINFRA
TIJARIA,TIJARIA
ONELIFECAP,ONELIFECAP
FLEXITUFF,FLEXITUFF
UJAAS,UJAAS
TRITURBINE,TRITURBINE
INDOTHAI,INDOTHAI
ESSARSHPNG,ESSARSHPNG
APLAPOLLO,APLAPOLLO
GPTINFRA,GPTINFRA
THOMASCOTT,THOMASCOTT
TERASOFT,TERASOFT
ORIENTREF,ORIENTREF
MCX,MCX
SCHNEIDER,SCHNEIDER
NBCC,NBCC
MTEDUCARE,MTEDUCARE
HEXATRADEX,HEXATRADEX
TBZ,TBZ
VSSL,VSSL
SPECIALITY,SPECIALITY
LYPSAGEMS,LYPSAGEMS
RTNINDIA,RTNINDIA
SEPOWER,SEPOWER
NECCLTD,NECCLTD
DUCON,DUCON
PROZONINTU,PROZONINTU
ZUARI,ZUARI
STEELXIND,STEELXIND
CIGNITI,CIGNITITEC
CARERATING,CARERATING
PCJEWELLER,PCJEWELLER
INDUSTOWER,INDUSTOWER
VMART,VMART
REPCOHOME,REPCOHOME
NIBL,NIBL
SREEL,SREEL
SHARDA,SHARDAMOTR
JUSTDIAL,JUSTDIAL
ORIENTCEM,ORIENTCEM
ABFRL,ABFRL
IBULHSGFIN,IBULHSGFIN
FLFL,FLFL
NATHBIOGEN,NATHBIOGEN
AGRITECH,AGRITECH
BCP,BCP
VFL,VIJIFIN
WONDERLA,WONDERLA
INCREDIBLE,INCREDIBLE
SKIPPER,SKIPPER
GULFOILLUB,GULFOILLUB
VISHAL,VISHAL
SNOWMAN,SNOWMAN
SHARDACROP,SHARDACROP
SHEMAROO,SHEMAROO
PDSMFL,PDSMFL
INTELLECT,INTELLECT
MONTECARLO,MONTECARLO
DHUNTEAIND,DTIL
GENUSPAPER,GENUSPAPER
MINDACORP,MINDACORP
GRNLAMIND,GREENLAM
ORTEL,ORTEL
BKMINDST,BKMINDST
MANAKSTELTD,MANAKSTEEL
MNKALCOLTD,MANAKALUCO
MNKCMILTD,MANAKCOAT
IMAGICAA,IMAGICAA
INOXWIND,INOXWIND
VRLLOG,VRLLOG
MEP,MEP
UFO,UFO
PNCINFRA,PNCINFRA
SATIA,SATIA
JIYAECO,JIYAECO
BALKRISHNA,BALKRISHNA
SCFL,SHYAMCENT
ADANITRANS,ADANITRANS
SYNGENE,SYNGENE
KAYA,KAYA
ORTINLAABS,ORTINLAB
MJCO,MAJESCO
BINDALAGRO,BINDALAGRO
ARVSMART,ARVSMART
POWERMECH,POWERMECH
RAMASTEEL,RAMASTEEL
VETO,VETO
NAVKARCORP,NAVKARCORP
SHREEPUSHK,SHREEPUSHK
GUJGAS,GUJGASLTD
SADBHIN,SADBHIN
SATIN,SATIN
GENCON,GENCON
COFFEEDAY,COFFEEDAY
IDFCFIRSTB,IDFCFIRSTB
BEARDSELL,BEARDSELL
INDIGO,INDIGO
SHK,SHK
ALKEM,ALKEM
LALPATHLAB,LALPATHLAB
LUXIND,LUXIND
NH,NH
JSLHISAR,JSLHISAR
PRECAM,PRECAM
TEAMLEASE,TEAMLEASE
BESTAGRO,BESTAGRO
QUICKHEAL,QUICKHEAL
GOKULAGRO,GOKULAGRO
SIMBHALS,SIMBHALS
PDMJEPAPER,PDMJEPAPER
HCG,HCG
BHARATWIRE,BHARATWIRE
INFIBEAM,INFIBEAM
EQUITAS,EQUITAS
SKIL,SKIL
THYROCARE,THYROCARE
UJJIVAN,UJJIVAN
CROMPTON,CROMPTON
PILANIINVS,PILANIINVS
PARAGMILK,PARAGMILK
NAGARFERT,NAGAFERT
MAXVIL,MAXVIL
MGL,MGL
QUESS,QUESS
LLOYDSTEEL,LSIL
LTI,LTI
ADVENZYMES,ADVENZYMES
DBL,DBL
SPAL,SPAL
BIGBLOC,BIGBLOC
FRETAIL,FRETAIL
RBLBANK,RBLBANK
BLS,BLS
GOVNOW,SABEVENTS
TVVISION,TVVISION
LTTS,LTTS
GNA,GNA
ICICIPRULI,ICICIPRULI
HPL,HPL
VALIANTORG,VALIANTORG
ENDURANCE,ENDURANCE
PNBHOUSING,PNBHOUSING
VBL,VBL
SFL,SFL
TMRVL,TMRVL
TCIEXP,TCIEXP
LAURUSLABS,LAURUSLABS
PRICOLLTD,PRICOLLTD
JITFINFRA,JITFINFRA
RADIOCITY,RADIOCITY
DMART,DMART
CLEDUCATE,CLEDUCATE
SHANKARA,SHANKARA
SCHAND,SCHAND
HUDCO,HUDCO
PSPPROJECT,PSPPROJECT
STARCEMENT,STARCEMENT
TEJASNET,TEJASNET
ERIS,ERIS
GTPL,GTPL
AUBANK,AUBANK
BHAGYAPROP,BHAGYAPROP
SALASAR,SALASAR
GANGESSEC,GANGESSECU
PALASHSEC,PALASHSECU
AVADHSUGAR,AVADHSUGAR
MAGADHSUGAR,MAGADSUGAR
SINTEXPLAST,SPTL
SIS,SIS
COCHINSHIP,COCHINSHIP
SMSLIFE,SMSLIFE
KIOCL,KIOCL
ABCAPITAL,ABCAPITAL
APEX,APEX
DIXON,DIXON
BRNL,BRNL
DCAL,DCAL
LASA,LASA
MATRIMONY,MATRIMONY
RELHOME,RHFL
CAPACITE,CAPACITE
ICICIGI,ICICIGI
SBILIFE,SBILIFE
DIAMONDYD,DIAMONDYD
SHAREINDIA,SHAREINDIA
GODREJAGRO,GODREJAGRO
MASFIN,MASFIN
IEX,IEX
GICRE,GICRE
TIINDIA,TIINDIA
NAM-INDIA,NAM-INDIA
MAHLOG,MAHLOG
NIACL,NIACL
IFGLEXPOR,IFGLEXPOR
KHADIM,KHADIM
5PAISA,5PAISA
HDFCLIFE,HDFCLIFE
DNAMEDIA,DNAMEDIA
SHALBY,SHALBY
FSC,FSC
ASTRON,ASTRON
APOLLO,APOLLO
NEWGEN,NEWGEN
PRAXIS,PRAXIS
AMBER,AMBER
GALAXYSURF,GALAXYSURF
SHIVAMILLS,SHIVAMILLS
ASTERDM,ASTERDM
HGINFRA,HGINFRA
BDL,BDL
BANDHANBNK,BANDHANBNK
HAL,HAL
KARDA,KARDA
SANDHAR,SANDHAR
ISEC,ISEC
MIDHANI,MIDHANI
LEMONTREE,LEMONTREE
CHEMFABALKA,CHEMFAB
ORIENTELEC,ORIENTELEC
INDOSTAR,INDOSTAR
DOLLAR,DOLLAR
ADANIGREEN,ADANIGREEN
SOLARA,SOLARA
GAYAHWS,GAYAHWS
RITES,RITES
FINEORG,FINEORG
VARROC,VARROC
TCNSBRANDS,TCNSBRANDS
HDFCAMC,HDFCAMC
CREDITACC,CREDITACC
IRCON,IRCON
AAVAS,AAVAS
GRSE,GRSE
ATGL,ATGL
TECHNOE,TECHNOE
DALBHARAT,DALBHARAT
NILASPACES,NILASPACES
TREJHARA,TREJHARA
RPSGVENT,RPSGVENT
SPENCER,SPENCERS
XELPMOC,XELPMOC
CHALET,CHALET
ANMOL,ANMOL
ANUP,ANUP
ARVINDFASN,ARVINDFASN
MSTC,MSTCLTD
RVNL,RVNL
METROPOLIS,METROPOLIS
KPITTECH,KPITTECH
POLYCAB,POLYCAB
VIKASLIFE,VIKASLIFE
NEOGEN,NEOGEN
PPL,PPL
DGCONTENT,DGCONTENT
INDIAMART,INDIAMART
DCMNVL,DCMNVL
AFFLE,AFFLE
SPANDANA,SPANDANA
SWSOLAR,SWSOLAR
IIFLWAM,IIFLWAM
IIFLSEC,IIFLSEC
FLUOROCHEM,FLUOROCHEM
IRCTC,IRCTC
VISHWARAJ,VISHWARAJ
GREENPANEL,GREENPANEL
CSBBANK,CSBBANK
UJJIVANSFB,UJJIVANSFB
SHIL,SHIL
PRINCEPIPE,PRINCEPIPE
ARTEMISMED,ARTEMISMED
SUMICHEM,SUMICHEM
BIRLATYRES,BIRLATYRE
UNIVPHOTO,UNIVPHOTO
SUVENPHAR,SUVENPHAR
SBICARD,SBICARD
POWERINDIA,POWERINDIA
AARTISURF,AARTISURF
BOROLTD,BOROLTD
ROSSARI,ROSSARI
NDRAUTO,NDRAUTO
MAXHEALTH,MAXHEALTH
MAXINDIA,MAXIND
HAPPSTMNDS,HAPPSTMNDS
ROUTE,ROUTE
ADL,ADL
CAMS,CAMS
CHEMCON,CHEMCON
ANGELBRKG,ANGELBRKG
MAZDOCK,MAZDOCK
UTIAMC,UTIAMC
LIKHITHA,LIKHITHA
HEMIPROP,HEMIPROP
EQUITASBNK,EQUITASBNK
GLAND,GLAND
BURGERKING,BURGERKING
TARC,TARC
RVHL,RVHL
FAIRCHEMOR,FAIRCHEMOR
BECTORFOOD,BECTORFOOD
AWHCL,AWHCL
IRFC,IRFC
INDIGOPNTS,INDIGOPNTS
HOMEFIRST,HOMEFIRST
STOVEKRAFT,STOVEKRAFT
SMCGLOBAL,SMCGLOBAL
NURECA,NURECA
RAILTEL,RAILTEL
HERANBA,HERANBA
DRCSYSTEMS,DRCSYSTEMS
MTARTECH,MTARTECH
JUBLINGREA,JUBLINGREA
EASEMYTRIP,EASEMYTRIP
ANURAS,ANURAS
CRAFTSMAN,CRAFTSMAN
LXCHEM,LXCHEM
KALYANKJIL,KALYANKJIL
SURYODAY,SURYODAY
NAZARA,NAZARA
SUVIDHAA,SUVIDHAA
BARBEQUE,BARBEQUE
LODHA,LODHA
DEEPIND,DEEPINDS
TATAMTRDVR,TATAMTRDVR
FELDVR,FELDVR
JISLDVREQS,JISLDVREQS
SCAPDVR,SCAPDVR
KARURVYSYA,KARURVYSYA
TIDEWATER,TIDEWATER
AMRUTANJAN,AMRUTANJAN
XPROINDIA,XPROINDIA
HISARMET,HISARMETAL
BHARATRAS,BHARATRAS
EASTSILK,EASTSILK
FACT,FACT
GINNIFILA,GINNIFILA
SPIC,SPIC
DENORA,DENORA
SAKSOFT,SAKSOFT
SALONACOT,SALONA
PROSEED,PROINDIA
ANDHRSUGAR,ANDHRSUGAR
IMPAL,IMPAL
KCP,KCP
RADAAN,RADAAN
SUNDARMFIN,SUNDARMFIN
SUNDRMBRAK,SUNDRMBRAK
WHEELS,WHEELS
LAMBODHARA,LAMBODHARA
MAITHANALL,MAITHANALL
ORISSAMINE,ORISSAMINE
MADRASFERT,MADRASFERT
VLIFE-RE,VLIFE-RE
